{
  "sources": [
    {
      "name": "global",
      "database": "shapes",
      "layers": [
        {
          "minzoom": 7,
          "name": "water",
          "table": "public.simplified_water_polygons",
          "variants": [
            {
              "minzoom": 8,
              "table": "public.water_polygons"
            }
          ]
        },
        {
          "minzoom": 3,
          "name": "bathymetry",
          "table": "public.bathymetry_gen3",
          "keys": [
            "depth"
          ],
          "postfix": "ORDER BY depth",
          "variants": [
            {
              "minzoom": 4,
              "table": "public.bathymetry_gen3"
            },
            {
              "minzoom": 5,
              "table": "public.bathymetry"
            }
          ]
        },
        {
          "minzoom": 3,
          "name": "lakes",
          "table": "public.lakes",
          "keys": [
            "name"
          ],
          "where": [
            "minzoom <= !ZOOM!"
          ]
        },
        {
          "minzoom": 3,
          "name": "urban_areas",
          "table": "public.ne_10m_urban_areas",
          "where": [
            "min_zoom <= !ZOOM!"
          ]
        },
        {
          "minzoom": 3,
          "name": "places",
          "table": "public.ne_10m_populated_places_simple",
          "keys": [
            "name",
            "featurecla as subclass"
          ],
          "where": [
            "min_zoom <= !ZOOM!"
          ],
          "postfix": "ORDER BY scalerank"
        }
      ]
    },
    {
      "name": "local",
      "database": "local",
      "layers": [
        {
          "name": "landuse",
          "minzoom": 8,
          "table": "import.landuse_gen8",
          "keys": [
            "osm_id as id",
            "subclass",
            "area",
            "name"
          ],
          "variants": [
            {
              "minzoom": 9,
              "table": "import.landuse_gen9"
            },
            {
              "minzoom": 10,
              "table": "import.landuse_gen10"
            },
            {
              "minzoom": 11,
              "table": "import.landuse_gen11"
            },
            {
              "minzoom": 12,
              "table": "import.landuse_gen12"
            },
            {
              "minzoom": 13,
              "table": "import.landuse_gen13"
            },
            {
              "minzoom": 14,
              "table": "import.landuse_gen14"
            },
            {
              "minzoom": 15,
              "table": "import.landuse"
            }
          ]
        },
        {
          "name": "landcover",
          "minzoom": 8,
          "table": "import.landcover_gen8",
          "keys": [
            "osm_id as id",
            "class",
            "subclass",
            "area",
            "surface",
            "name"
          ],
          "variants": [
            {
              "minzoom": 9,
              "table": "import.landcover_gen9"
            },
            {
              "minzoom": 10,
              "table": "import.landcover_gen10"
            },
            {
              "minzoom": 11,
              "table": "import.landcover_gen11"
            },
            {
              "minzoom": 12,
              "table": "import.landcover_gen12"
            },
            {
              "minzoom": 13,
              "table": "import.landcover_gen13"
            },
            {
              "minzoom": 14,
              "table": "import.landcover_gen14"
            },
            {
              "minzoom": 15,
              "table": "import.landcover"
            }
          ]
        },
        {
          "name": "waterway",
          "minzoom": 8,
          "table": "import.waterway_gen8",
          "keys": [
            "osm_id as id",
            "subclass",
            "tunnel",
            "layer",
            "name"
          ],
          "variants": [
            {
              "minzoom": 10,
              "table": "import.waterway_gen10"
            },
            {
              "minzoom": 12,
              "table": "import.waterway_gen12"
            },
            {
              "minzoom": 14,
              "table": "import.waterway",
              "keys": [
                "osm_id as id",
                "subclass",
                "tunnel",
                "layer",
                "CASE WHEN (name_de <> '') IS NOT FALSE THEN name_de WHEN (name_en <> '') IS NOT FALSE THEN name_en ELSE name END as name"
              ]
            }
          ]
        },
        {
          "name": "waterarea",
          "minzoom": 8,
          "table": "import.waterarea_gen8",
          "keys": [
            "osm_id as id"
          ],
          "variants": [
            {
              "minzoom": 9,
              "table": "import.waterarea_gen9"
            },
            {
              "minzoom": 10,
              "table": "import.waterarea_gen10"
            },
            {
              "minzoom": 11,
              "table": "import.waterarea_gen11"
            },
            {
              "minzoom": 12,
              "table": "import.waterarea_gen12"
            },
            {
              "minzoom": 13,
              "table": "import.waterarea_gen13"
            },
            {
              "minzoom": 14,
              "table": "import.waterarea_gen14"
            },
            {
              "minzoom": 15,
              "table": "import.waterarea"
            }
          ]
        },
        {
          "name": "roads",
          "minzoom": 8,
          "table": "import.roads_gen8",
          "keys": [
            "osm_id as id",
            "class",
            "subclass",
            "oneway",
            "tracktype",
            "bridge",
            "tunnel",
            "service",
            "CASE WHEN layer IS NULL THEN 0 ELSE layer END as layer",
            "rank",
            "bicycle",
            "scale",
            "substring(ref from '\\w+') as ref_prefix",
            "substring(ref from '\\d+') as ref_num",
            "NULL as name"
          ],
          "variants": [
            {
              "minzoom": 9,
              "table": "import.roads_gen9"
            },
            {
              "minzoom": 10,
              "table": "import.roads_gen10"
            },
            {
              "minzoom": 11,
              "table": "import.roads_gen11"
            },
            {
              "minzoom": 12,
              "table": "import.roads_gen12"
            },
            {
              "minzoom": 13,
              "table": "import.roads_gen13"
            },
            {
              "minzoom": 14,
              "table": "import.roads_gen14"
            },
            {
              "minzoom": 15,
              "table": "import.roads_gen15"
            },
            {
              "minzoom": 16,
              "table": "import.roads",
              "keys": [
                "osm_id as id",
                "class",
                "subclass",
                "oneway",
                "tracktype",
                "bridge",
                "tunnel",
                "service",
                "CASE WHEN layer IS NULL THEN 0 ELSE layer END as layer",
                "rank",
                "bicycle",
                "scale",
                "substring(ref from '\\w+') as ref_prefix",
                "substring(ref from '\\d+') as ref_num",
                "name"
              ],
              "postfix": "ORDER BY rank DESC"
            }
          ]
        },
        {
          "minzoom": 11,
          "name": "cycleroute",
          "sql": "SELECT row_number() over () as gid, ref, name, ST_AsMvtGeom(ST_LineMerge(ST_Collect(geometry)), !BBOX!) AS geom from import.cycleroute where (geometry && !BBOX!) AND ST_GeometryType(geometry)='ST_LineString' group by ref, name order by ref desc NULLS last, name desc NULLS last"
        },
        {
          "minzoom": 9,
          "name": "railway",
          "table": "import.railway",
          "keys": [
            "id",
            "class",
            "subclass",
            "zorder",
            "bridge",
            "tunnel",
            "service"
          ],
          "where": [
            "subclass NOT IN('subway', 'tram')",
            "(attraction <> '') IS NOT TRUE"
          ]
        },
        {
          "minzoom": 10,
          "name": "transportation",
          "table": "import.transportation",
          "keys": [
            "id",
            "class",
            "subclass",
            "CASE WHEN (name_de <> '') IS NOT FALSE THEN name_de WHEN (name_en <> '') IS NOT FALSE THEN name_en ELSE name END as name"
          ],
          "where": [
            "NOT ST_IsClosed(geometry)"
          ]
        },
        {
          "minzoom": 10,
          "name": "manmade",
          "table": "import.manmade_lines_gen13",
          "keys": [
            "osm_id as id",
            "class",
            "subclass",
            "ST_Length(geometry)::integer as length",
            "ST_IsClosed(geometry) as polygon"
          ],
          "variants": [
            {
              "minzoom": 14,
              "table": "import.manmade_lines"
            },
            {
              "minzoom": 18,
              "buffer": 512,
              "table": "import.manmade_lines"
            }
          ]
        },
        {
          "minzoom": 14,
          "name": "piste",
          "table": "import.piste",
          "keys": [
            "id",
            "difficulty"
          ],
          "where": [
            "NOT ST_IsClosed(geometry)"
          ]
        },
        {
          "minzoom": 14,
          "name": "admin",
          "table": "import.admin",
          "keys": [
            "id",
            "ref",
            "level"
          ]
        },
        {
          "minzoom": 13,
          "maxzoom": 15,
          "name": "buildings-large",
          "table": "import.buildings",
          "keys": [
            "id"
          ],
          "where": [
            "ST_Area(geometry)>10000"
          ]
        },
        {
          "minzoom": 14,
          "name": "buildings",
          "table": "import.buildings",
          "keys": [
            "id"
          ],
          "where": [
            "ST_Area(geometry)>80"
          ],
          "variants": [
            {
              "minzoom": 15,
              "where": []
            }
          ]
        },
        {
          "minzoom": 18,
          "name": "housenumbers",
          "table": "import.housenumbers",
          "keys": [
            "osm_id as id",
            "number",
            "name"
          ]
        },
        {
          "name": "waterlabels",
          "minzoom": 8,
          "table": "import.label_waterarea_gen8",
          "keys": [
            "osm_id as id",
            "subclass",
            "area",
            "ele",
            "name"
          ],
          "variants": [
            {
              "minzoom": 10,
              "table": "import.label_waterarea_gen10"
            },
            {
              "minzoom": 12,
              "table": "import.label_waterarea_gen12"
            },
            {
              "minzoom": 14,
              "table": "import.label_waterarea_gen14"
            },
            {
              "minzoom": 16,
              "table": "import.label_waterarea"
            }
          ]
        },
        {
          "minzoom": 8,
          "name": "label",
          "table": "import.label",
          "prefix": "DISTINCT ON(pop, name)",
          "keys": [
            "row_number() over (ORDER by pop desc NULLS LAST) as id",
            "class",
            "subclass",
            "name",
            "ele",
            "pop"
          ],
          "postfix": "ORDER BY pop DESC NULLS LAST, name"
        }
      ]
    }
  ]
}
